Accuracy,Cluster_currencies,Currency,Data_files,MAE,MSE,Name,Prediction_period,R2,Removed_headers
98.59962131328852,,Bitcoin,"['crypto_data_week_9.csv', 'crypto_data_week_10.csv', 'crypto_data_week_11.csv']",0.023379465781714112,0.0011132001205215645,Extra Tree Regressor,1.0,0.9859962131328852,[]
98.57982993889769,,Bitcoin,"['crypto_data_week_9.csv', 'crypto_data_week_10.csv', 'crypto_data_week_11.csv']",0.02367114262545519,0.0011289328366548698,Extra Tree Regressor,1.0,0.9857982993889768,[]
98.57465150989222,,Bitcoin,"['crypto_data_week_9.csv', 'crypto_data_week_10.csv', 'crypto_data_week_11.csv']",0.02368492631133968,0.001133049314467408,Extra Tree Regressor,1.0,0.9857465150989222,"['date', 'close']"
98.6046468753577,,Bitcoin,"['crypto_data_week_9.csv', 'crypto_data_week_10.csv', 'crypto_data_week_11.csv']",0.023603321072652055,0.0011092051609051454,Extra Tree Regressor,1.0,0.986046468753577,"['interest_over_time_BR', 'interest_over_time_AU']"
98.32163897774305,,Bitcoin,"['crypto_data_week_9.csv', 'crypto_data_week_10.csv', 'crypto_data_week_11.csv']",0.027561258666268608,0.0013341760410839928,Extra Tree Regressor,1.0,0.9832163897774304,"['high', 'interest_over_time_AU', 'interest_over_time_BR', 'interest_over_time_CA', 'interest_over_time_DE', 'interest_over_time_FR', 'interest_over_time_GB', 'interest_over_time_GH', 'interest_over_time_IN', 'interest_over_time_JP', 'interest_over_time_KE', 'interest_over_time_KR', 'interest_over_time_NG', 'interest_over_time_RU', 'interest_over_time_SG', 'interest_over_time_US', 'interest_over_time_VE', 'interest_over_time_ZA', 'interest_over_time_CN', 'low', 'num_retweets', 'num_tweets', 'open', 'tweet_exposure', 'volume_from', 'volume_to']"
98.5816385079794,,Bitcoin,"['crypto_data_week_9.csv', 'crypto_data_week_10.csv', 'crypto_data_week_11.csv']",0.02379869255698931,0.001127495154591568,Extra Tree Regressor,1.0,0.9858163850797941,"['interest_over_time_US', 'interest_over_time_KE', 'interest_over_time_KR', 'interest_over_time_NG']"
98.58324763440486,,Bitcoin,"['crypto_data_week_9.csv', 'crypto_data_week_10.csv', 'crypto_data_week_11.csv']",0.023709400949174432,0.0011262160150646936,Extra Tree Regressor,1.0,0.9858324763440484,"['interest_over_time_US', 'interest_over_time_KE', 'interest_over_time_KR', 'interest_over_time_NG']"
98.63484210129809,,Bitcoin,"['crypto_data_week_9.csv', 'crypto_data_week_10.csv', 'crypto_data_week_11.csv']",0.024287986521885102,0.0010852021326707199,Extra Tree Regressor,1.0,0.9863484210129808,"['interest_over_time_US', 'interest_over_time_KE', 'interest_over_time_KR', 'interest_over_time_NG']"
97.22062150774971,,Bitcoin,"['crypto_data_week_9.csv', 'crypto_data_week_10.csv', 'crypto_data_week_11.csv']",0.026514610378652742,0.002278687948951118,Extra Tree Regressor,1.0,0.9722062150774968,"['interest_over_time_US', 'interest_over_time_KE', 'interest_over_time_KR', 'interest_over_time_NG']"
98.63477626098377,"['Cardano', 'Monero']",Bitcoin,"['crypto_data_week_9.csv', 'crypto_data_week_10.csv', 'crypto_data_week_11.csv']",0.024340828000438314,0.0010852544709750024,Extra Tree Regressor,1.0,0.986347762609838,"['interest_over_time_US', 'interest_over_time_KE', 'interest_over_time_KR', 'interest_over_time_NG']"
98.58530748613121,"['Cardano', 'Monero', 'Bitcoin Gold']",Bitcoin,"['crypto_data_week_9.csv', 'crypto_data_week_10.csv', 'crypto_data_week_11.csv']",0.024422101741828583,0.0011245785814106466,Extra Tree Regressor,1.0,0.985853074861312,"['interest_over_time_US', 'interest_over_time_KE', 'interest_over_time_KR', 'interest_over_time_NG']"
99.25833289001301,"['Cardano', 'Monero', 'Bitcoin Gold']",Bitcoin,"['crypto_data_week_9.csv', 'crypto_data_week_10.csv', 'crypto_data_week_11.csv', 'crypto_data_week_13.csv']",0.017576658794458026,0.0005696917484696258,Extra Tree Regressor,1.0,0.9925833289001298,"['interest_over_time_US', 'interest_over_time_KE', 'interest_over_time_KR', 'interest_over_time_NG']"
99.26613546909195,"['Cardano', 'Monero', 'Bitcoin Gold', 'Ethereum']",Bitcoin,"['crypto_data_week_9.csv', 'crypto_data_week_10.csv', 'crypto_data_week_11.csv', 'crypto_data_week_13.csv']",0.017479089444646892,0.0005636984060951143,Extra Tree Regressor,1.0,0.9926613546909192,"['interest_over_time_US', 'interest_over_time_KE', 'interest_over_time_KR', 'interest_over_time_NG']"
99.23041564951158,"['Cardano', 'Monero', 'Bitcoin Gold', 'Qtum', 'Zcash']",Bitcoin,"['crypto_data_week_9.csv', 'crypto_data_week_10.csv', 'crypto_data_week_11.csv', 'crypto_data_week_13.csv']",0.018046735077831645,0.0005911356298815354,Extra Tree Regressor,1.0,0.9923041564951159,"['interest_over_time_US', 'interest_over_time_KE', 'interest_over_time_KR', 'interest_over_time_NG']"
99.22508464416704,[],Bitcoin,"['crypto_data_week_9.csv', 'crypto_data_week_10.csv', 'crypto_data_week_11.csv', 'crypto_data_week_13.csv']",0.01775891912192055,0.0005952304990147873,Extra Tree Regressor,1.0,0.9922508464416704,"['interest_over_time_US', 'interest_over_time_KE', 'interest_over_time_KR', 'interest_over_time_NG']"
99.19807030255348,[],Bitcoin,"['crypto_data_week_9.csv', 'crypto_data_week_10.csv', 'crypto_data_week_11.csv', 'crypto_data_week_13.csv']",0.017884400255605042,0.0006159808428015883,Extra Tree Regressor,1.0,0.9919807030255348,"['num_tweets', 'tweet_exposure', 'num_retweets']"
99.71214815029067,[],Ethereum,"['crypto_data_week_9.csv', 'crypto_data_week_10.csv', 'crypto_data_week_11.csv', 'crypto_data_week_13.csv']",0.011515478492595418,0.0002747751333054173,Extra Tree Regressor,1.0,0.9971214815029068,"['num_tweets', 'tweet_exposure', 'num_retweets']"
99.73080162018265,"['Litecoin', 'Ethereum Classic']",Ethereum,"['crypto_data_week_9.csv', 'crypto_data_week_10.csv', 'crypto_data_week_11.csv', 'crypto_data_week_13.csv']",0.011151869542735806,0.0002569690650750302,Extra Tree Regressor,1.0,0.9973080162018264,"['num_tweets', 'tweet_exposure', 'num_retweets']"
99.48743440034106,"['Litecoin', 'Ethereum Classic']",Ethereum,"['crypto_data_week_9.csv', 'crypto_data_week_10.csv', 'crypto_data_week_11.csv', 'crypto_data_week_13.csv']",0.01431488083946524,0.0004892616376315529,Extra Tree Regressor,2.0,0.9948743440034106,"['num_tweets', 'tweet_exposure', 'num_retweets']"
99.41411915552744,[],Ethereum,"['crypto_data_week_9.csv', 'crypto_data_week_10.csv', 'crypto_data_week_11.csv', 'crypto_data_week_13.csv']",0.01569269991665206,0.0005592435809471879,Extra Tree Regressor,2.0,0.9941411915552744,"['num_tweets', 'tweet_exposure', 'num_retweets']"
98.32462390302388,[],Ethereum,"['crypto_data_week_9.csv', 'crypto_data_week_10.csv', 'crypto_data_week_11.csv', 'crypto_data_week_13.csv']",0.02775767619001264,0.001629591841524382,Extra Tree Regressor,24.0,0.9832462390302388,"['num_tweets', 'tweet_exposure', 'num_retweets']"
98.47421079674729,[],Ethereum,"['crypto_data_week_9.csv', 'crypto_data_week_10.csv', 'crypto_data_week_11.csv', 'crypto_data_week_13.csv']",0.027115143959746714,0.0015944320133986372,Extra Tree Regressor,24.0,0.9847421079674727,"['num_tweets', 'tweet_exposure', 'num_retweets']"
99.36922597892547,"['Litecoin', 'Ethereum Classic']",Ethereum,"['crypto_data_week_9.csv', 'crypto_data_week_10.csv', 'crypto_data_week_11.csv', 'crypto_data_week_13.csv']",0.018265354558209226,0.000659151533040967,Extra Tree Regressor,24.0,0.9936922597892548,"['num_tweets', 'tweet_exposure', 'num_retweets']"
98.00566197182958,"['Litecoin', 'Ethereum Classic']",Ethereum,"['crypto_data_week_9.csv', 'crypto_data_week_10.csv', 'crypto_data_week_11.csv', 'crypto_data_week_13.csv']",0.02915607263121956,0.00199237031256019,Extra Tree Regressor,48.0,0.9800566197182958,"['num_tweets', 'tweet_exposure', 'num_retweets']"
99.7108602403838,[],Ethereum,"['crypto_data_week_9.csv', 'crypto_data_week_10.csv', 'crypto_data_week_11.csv', 'crypto_data_week_13.csv']",0.011639478522183508,0.00027600453522416,Extra Tree Regressor,1.0,0.9971086024038384,"['num_tweets', 'tweet_exposure', 'num_retweets']"
88.67721908588459,[],Ethereum,['crypto_data_week_9.csv'],0.04890328363507307,0.0038206254528542383,Extra Tree Regressor,1.0,0.8867721908588461,"['num_tweets', 'tweet_exposure', 'num_retweets']"
89.18475629130144,[],Ethereum,['crypto_data_week_9.csv'],0.0477626218964694,0.0036493680930241366,Extra Tree Regressor,1.0,0.8918475629130144,"['num_tweets', 'tweet_exposure', 'num_retweets']"
99.72911152779172,[],Ethereum,"['crypto_data_week_9.csv', 'crypto_data_week_10.csv', 'crypto_data_week_11.csv', 'crypto_data_week_13.csv']",0.011193216941920494,0.0002585823788768292,Extra Tree Regressor,1.0,0.9972911152779174,[]
99.42639723678396,[],Bitcoin,"['crypto_data_week_9.csv', 'crypto_data_week_10.csv', 'crypto_data_week_11.csv', 'crypto_data_week_13.csv', 'crypto_data_week_14.csv']",0.015946965012035533,0.0005179300781533602,Gradient Boosting Regressor,1.0,0.9942639723678396,[]
99.51884947849669,[],Bitcoin,"['crypto_data_week_9.csv', 'crypto_data_week_10.csv', 'crypto_data_week_11.csv', 'crypto_data_week_13.csv', 'crypto_data_week_14.csv']",0.01370400308132908,0.0004344510577468669,Extra Tree Regressor,1.0,0.995188494784967,[]
99.51735568475729,[],Bitcoin,"['crypto_data_week_9.csv', 'crypto_data_week_10.csv', 'crypto_data_week_11.csv', 'crypto_data_week_13.csv', 'crypto_data_week_14.csv']",0.013752658015126892,0.0004357998669887459,Extra Tree Regressor,1.0,0.9951735568475728,[]
99.51164835208643,[],Bitcoin,"['crypto_data_week_9.csv', 'crypto_data_week_10.csv', 'crypto_data_week_11.csv', 'crypto_data_week_13.csv', 'crypto_data_week_14.csv']",0.013785202958327443,0.00044095325788193586,Extra Tree Regressor,1.0,0.9951164835208643,[]
99.51294815801296,[],Bitcoin,"['crypto_data_week_9.csv', 'crypto_data_week_10.csv', 'crypto_data_week_11.csv', 'crypto_data_week_13.csv', 'crypto_data_week_14.csv']",0.013687312133808386,0.00043977960840136266,Extra Tree Regressor,1.0,0.9951294815801296,[]
99.5127960459645,[],Bitcoin,"['crypto_data_week_9.csv', 'crypto_data_week_10.csv', 'crypto_data_week_11.csv', 'crypto_data_week_13.csv', 'crypto_data_week_14.csv']",0.013707514310325405,0.000439916956772375,Extra Tree Regressor,1.0,0.9951279604596452,[]
99.51716879928672,[],Bitcoin,"['crypto_data_week_9.csv', 'crypto_data_week_10.csv', 'crypto_data_week_11.csv', 'crypto_data_week_13.csv', 'crypto_data_week_14.csv']",0.01370874476044109,0.00043596861374627045,Extra Tree Regressor,1.0,0.9951716879928668,[]
99.50714250592165,[],Bitcoin,"['crypto_data_week_9.csv', 'crypto_data_week_10.csv', 'crypto_data_week_11.csv', 'crypto_data_week_13.csv', 'crypto_data_week_14.csv']",0.013856263948993535,0.00044502177603756573,Extra Tree Regressor,1.0,0.9950714250592166,[]
99.5245689177327,[],Bitcoin,"['crypto_data_week_9.csv', 'crypto_data_week_10.csv', 'crypto_data_week_11.csv', 'crypto_data_week_13.csv', 'crypto_data_week_14.csv']",0.013656560256310402,0.0004292867353264711,Extra Tree Regressor,1.0,0.9952456891773266,[]
99.51276086893265,[],Bitcoin,"['crypto_data_week_9.csv', 'crypto_data_week_10.csv', 'crypto_data_week_11.csv', 'crypto_data_week_13.csv', 'crypto_data_week_14.csv']",0.013786705160539493,0.00043994871959506426,Extra Tree Regressor,1.0,0.9951276086893264,[]
99.51337528634168,[],Bitcoin,"['crypto_data_week_9.csv', 'crypto_data_week_10.csv', 'crypto_data_week_11.csv', 'crypto_data_week_13.csv', 'crypto_data_week_14.csv']",0.01378024336208061,0.0004393939362552844,Extra Tree Regressor,1.0,0.9951337528634168,[]
99.5143946349685,[],Bitcoin,"['crypto_data_week_9.csv', 'crypto_data_week_10.csv', 'crypto_data_week_11.csv', 'crypto_data_week_13.csv', 'crypto_data_week_14.csv']",0.013754081479906087,0.00043847352347522886,Extra Tree Regressor,1.0,0.9951439463496848,[]
99.5197334155196,[],Bitcoin,"['crypto_data_week_9.csv', 'crypto_data_week_10.csv', 'crypto_data_week_11.csv', 'crypto_data_week_13.csv', 'crypto_data_week_14.csv']",0.01367798093865555,0.0004336529138034964,Extra Tree Regressor,1.0,0.995197334155196,[]
99.5142541512623,[],Bitcoin,"['crypto_data_week_9.csv', 'crypto_data_week_10.csv', 'crypto_data_week_11.csv', 'crypto_data_week_13.csv', 'crypto_data_week_14.csv']",0.0136910525182773,0.0004386003721265644,Extra Tree Regressor,1.0,0.9951425415126228,[]
99.51396030576281,[],Bitcoin,"['crypto_data_week_9.csv', 'crypto_data_week_10.csv', 'crypto_data_week_11.csv', 'crypto_data_week_13.csv', 'crypto_data_week_14.csv']",0.013814325465359505,0.0004388656975961592,Extra Tree Regressor,1.0,0.9951396030576284,[]
99.51289533012405,[],Bitcoin,"['crypto_data_week_9.csv', 'crypto_data_week_10.csv', 'crypto_data_week_11.csv', 'crypto_data_week_13.csv', 'crypto_data_week_14.csv']",0.0137526412822108,0.0004398273089258129,Extra Tree Regressor,1.0,0.9951289533012404,[]
99.54848840906915,"['Litecoin', 'Ethereum Classic', 'Cardano', 'Monero', 'Bitcoin Gold', 'Qtum', 'Zcash']",Bitcoin,"['crypto_data_week_9.csv', 'crypto_data_week_10.csv', 'crypto_data_week_11.csv', 'crypto_data_week_13.csv', 'crypto_data_week_14.csv']",0.013623768844098064,0.0004076888198146227,Extra Tree Regressor,1.0,0.9954848840906916,[]
99.5321421576803,['Litecoin'],Bitcoin,"['crypto_data_week_9.csv', 'crypto_data_week_10.csv', 'crypto_data_week_11.csv', 'crypto_data_week_13.csv', 'crypto_data_week_14.csv']",0.013559663771112705,0.00042244853821604873,Extra Tree Regressor,1.0,0.995321421576803,[]
99.53586695375385,['Litecoin'],Bitcoin,"['crypto_data_week_9.csv', 'crypto_data_week_10.csv', 'crypto_data_week_11.csv', 'crypto_data_week_13.csv', 'crypto_data_week_14.csv']",0.01345814120511352,0.00041908526306257967,Extra Tree Regressor,1.0,0.9953586695375386,[]
99.49835329963105,['Litecoin'],Bitcoin,"['crypto_data_week_9.csv', 'crypto_data_week_10.csv', 'crypto_data_week_11.csv', 'crypto_data_week_13.csv', 'crypto_data_week_14.csv']",0.014678156694113431,0.0004529579203397347,Random Forest Regressor,1.0,0.9949835329963104,[]
99.49835329963105,['Litecoin'],Bitcoin,"['crypto_data_week_9.csv', 'crypto_data_week_10.csv', 'crypto_data_week_11.csv', 'crypto_data_week_13.csv', 'crypto_data_week_14.csv']",0.014678156694113431,0.0004529579203397347,Random Forest Regressor,1.0,0.9949835329963104,[]
99.50270789032862,"['Litecoin', 'Ethereum Classic']",Bitcoin,"['crypto_data_week_9.csv', 'crypto_data_week_10.csv', 'crypto_data_week_11.csv', 'crypto_data_week_13.csv', 'crypto_data_week_14.csv']",0.01461605364365811,0.0004490259771118577,Random Forest Regressor,1.0,0.9950270789032862,[]
99.50270789032862,"['Litecoin', 'Ethereum Classic']",Bitcoin,"['crypto_data_week_9.csv', 'crypto_data_week_10.csv', 'crypto_data_week_11.csv', 'crypto_data_week_13.csv', 'crypto_data_week_14.csv']",0.01461605364365811,0.0004490259771118577,Random Forest Regressor,1.0,0.9950270789032862,[]
99.50270789032862,"['Litecoin', 'Ethereum Classic']",Bitcoin,"['crypto_data_week_9.csv', 'crypto_data_week_10.csv', 'crypto_data_week_11.csv', 'crypto_data_week_13.csv', 'crypto_data_week_14.csv']",0.01461605364365811,0.0004490259771118577,Random Forest Regressor,1.0,0.9950270789032862,[]
99.50270789032862,"['Litecoin', 'Ethereum Classic']",Bitcoin,"['crypto_data_week_9.csv', 'crypto_data_week_10.csv', 'crypto_data_week_11.csv', 'crypto_data_week_13.csv', 'crypto_data_week_14.csv']",0.01461605364365811,0.0004490259771118577,Random Forest Regressor,1.0,0.9950270789032862,[]
99.50270789032862,"['Litecoin', 'Ethereum Classic']",Bitcoin,"['crypto_data_week_9.csv', 'crypto_data_week_10.csv', 'crypto_data_week_11.csv', 'crypto_data_week_13.csv', 'crypto_data_week_14.csv']",0.01461605364365811,0.0004490259771118577,Random Forest Regressor,1.0,0.9950270789032862,[]
99.50270789032862,"['Litecoin', 'Ethereum Classic']",Bitcoin,"['crypto_data_week_9.csv', 'crypto_data_week_10.csv', 'crypto_data_week_11.csv', 'crypto_data_week_13.csv', 'crypto_data_week_14.csv']",0.01461605364365811,0.0004490259771118577,Random Forest Regressor,1.0,0.9950270789032862,[]
99.50270789032862,"['Litecoin', 'Ethereum Classic']",Bitcoin,"['crypto_data_week_9.csv', 'crypto_data_week_10.csv', 'crypto_data_week_11.csv', 'crypto_data_week_13.csv', 'crypto_data_week_14.csv']",0.01461605364365811,0.0004490259771118577,Random Forest Regressor,1.0,0.9950270789032862,[]
99.50658301499656,"['Litecoin', 'Ethereum Classic']",Bitcoin,"['crypto_data_week_9.csv', 'crypto_data_week_10.csv', 'crypto_data_week_11.csv', 'crypto_data_week_13.csv', 'crypto_data_week_14.csv']",0.014330430721710691,0.0004455269639431333,Bagging Regressor,1.0,0.9950658301499654,[]
99.53306484300428,"['Litecoin', 'Ethereum Classic']",Bitcoin,"['crypto_data_week_9.csv', 'crypto_data_week_10.csv', 'crypto_data_week_11.csv', 'crypto_data_week_13.csv', 'crypto_data_week_14.csv']",0.013720453363126177,0.0004216154068007203,Extra Tree Regressor,1.0,0.9953306484300428,[]
99.533944782834,"['Litecoin', 'Ethereum Classic']",Bitcoin,"['crypto_data_week_9.csv', 'crypto_data_week_10.csv', 'crypto_data_week_11.csv', 'crypto_data_week_13.csv', 'crypto_data_week_14.csv']",0.013723730301370064,0.0004208208720913248,Extra Tree Regressor,1.0,0.99533944782834,[]
99.5297471310268,"['Litecoin', 'Ethereum Classic']",Bitcoin,"['crypto_data_week_9.csv', 'crypto_data_week_10.csv', 'crypto_data_week_11.csv', 'crypto_data_week_13.csv', 'crypto_data_week_14.csv']",0.013831841819581362,0.0004246111085894459,Extra Tree Regressor,1.0,0.9952974713102679,[]
99.53389376535566,"['Litecoin', 'Ethereum Classic']",Bitcoin,"['crypto_data_week_9.csv', 'crypto_data_week_10.csv', 'crypto_data_week_11.csv', 'crypto_data_week_13.csv', 'crypto_data_week_14.csv']",0.013788455746004666,0.0004208669379198755,Extra Tree Regressor,1.0,0.9953389376535564,[]
99.36420116820528,"['Litecoin', 'Ethereum Classic']",Bitcoin,"['crypto_data_week_9.csv', 'crypto_data_week_10.csv', 'crypto_data_week_11.csv', 'crypto_data_week_13.csv', 'crypto_data_week_14.csv']",0.016296836191368833,0.0005740895263386845,Extra Tree Regressor,1.0,0.9936420116820528,"['high', 'interest_over_time_AU', 'interest_over_time_BR', 'interest_over_time_CA', 'interest_over_time_DE', 'interest_over_time_FR', 'interest_over_time_GB', 'interest_over_time_GH', 'interest_over_time_IN', 'interest_over_time_JP', 'interest_over_time_KE', 'interest_over_time_KR', 'interest_over_time_NG', 'interest_over_time_RU', 'interest_over_time_SG', 'interest_over_time_US', 'interest_over_time_VE', 'interest_over_time_ZA', 'interest_over_time_CN', 'low', 'num_retweets', 'num_tweets', 'open', 'tweet_exposure', 'volume_from', 'volume_to']"
99.36800073518074,"['Litecoin', 'Ethereum Classic']",Bitcoin,"['crypto_data_week_9.csv', 'crypto_data_week_10.csv', 'crypto_data_week_11.csv', 'crypto_data_week_13.csv', 'crypto_data_week_14.csv']",0.01628266611698757,0.0005706587373907227,Extra Tree Regressor,1.0,0.9936800073518076,"['high', 'interest_over_time_AU', 'interest_over_time_BR', 'interest_over_time_CA', 'interest_over_time_DE', 'interest_over_time_FR', 'interest_over_time_GB', 'interest_over_time_GH', 'interest_over_time_IN', 'interest_over_time_JP', 'interest_over_time_KE', 'interest_over_time_KR', 'interest_over_time_NG', 'interest_over_time_RU', 'interest_over_time_SG', 'interest_over_time_US', 'interest_over_time_VE', 'interest_over_time_ZA', 'interest_over_time_CN', 'low', 'num_retweets', 'num_tweets', 'open', 'tweet_exposure', 'volume_from', 'volume_to']"
99.3637686224304,"['Litecoin', 'Ethereum Classic']",Bitcoin,"['crypto_data_week_9.csv', 'crypto_data_week_10.csv', 'crypto_data_week_11.csv', 'crypto_data_week_13.csv', 'crypto_data_week_14.csv']",0.01626515147040094,0.0005744800901249017,Extra Tree Regressor,1.0,0.9936376862243042,"['high', 'interest_over_time_AU', 'interest_over_time_BR', 'interest_over_time_CA', 'interest_over_time_DE', 'interest_over_time_FR', 'interest_over_time_GB', 'interest_over_time_GH', 'interest_over_time_IN', 'interest_over_time_JP', 'interest_over_time_KE', 'interest_over_time_KR', 'interest_over_time_NG', 'interest_over_time_RU', 'interest_over_time_SG', 'interest_over_time_US', 'interest_over_time_VE', 'interest_over_time_ZA', 'interest_over_time_CN', 'low', 'num_retweets', 'num_tweets', 'open', 'tweet_exposure', 'volume_from', 'volume_to']"
99.36801200772169,"['Litecoin', 'Ethereum Classic']",Bitcoin,"['crypto_data_week_9.csv', 'crypto_data_week_10.csv', 'crypto_data_week_11.csv', 'crypto_data_week_13.csv', 'crypto_data_week_14.csv']",0.016291377891260974,0.0005706485589390554,Extra Tree Regressor,1.0,0.9936801200772168,"['high', 'interest_over_time_AU', 'interest_over_time_BR', 'interest_over_time_CA', 'interest_over_time_DE', 'interest_over_time_FR', 'interest_over_time_GB', 'interest_over_time_GH', 'interest_over_time_IN', 'interest_over_time_JP', 'interest_over_time_KE', 'interest_over_time_KR', 'interest_over_time_NG', 'interest_over_time_RU', 'interest_over_time_SG', 'interest_over_time_US', 'interest_over_time_VE', 'interest_over_time_ZA', 'interest_over_time_CN', 'low', 'num_retweets', 'num_tweets', 'open', 'tweet_exposure', 'volume_from', 'volume_to']"
99.36218198959692,"['Litecoin', 'Ethereum Classic']",Bitcoin,"['crypto_data_week_9.csv', 'crypto_data_week_10.csv', 'crypto_data_week_11.csv', 'crypto_data_week_13.csv', 'crypto_data_week_14.csv']",0.016300245861677068,0.0005759127276924604,Extra Tree Regressor,1.0,0.9936218198959692,"['high', 'interest_over_time_AU', 'interest_over_time_BR', 'interest_over_time_CA', 'interest_over_time_DE', 'interest_over_time_FR', 'interest_over_time_GB', 'interest_over_time_GH', 'interest_over_time_IN', 'interest_over_time_JP', 'interest_over_time_KE', 'interest_over_time_KR', 'interest_over_time_NG', 'interest_over_time_RU', 'interest_over_time_SG', 'interest_over_time_US', 'interest_over_time_VE', 'interest_over_time_ZA', 'interest_over_time_CN', 'low', 'num_retweets', 'num_tweets', 'open', 'tweet_exposure', 'volume_from', 'volume_to']"
99.36345975697657,"['Litecoin', 'Ethereum Classic']",Bitcoin,"['crypto_data_week_9.csv', 'crypto_data_week_10.csv', 'crypto_data_week_11.csv', 'crypto_data_week_13.csv', 'crypto_data_week_14.csv']",0.016263977979742054,0.0005747589777434762,Extra Tree Regressor,1.0,0.9936345975697656,"['high', 'interest_over_time_AU', 'interest_over_time_BR', 'interest_over_time_CA', 'interest_over_time_DE', 'interest_over_time_FR', 'interest_over_time_GB', 'interest_over_time_GH', 'interest_over_time_IN', 'interest_over_time_JP', 'interest_over_time_KE', 'interest_over_time_KR', 'interest_over_time_NG', 'interest_over_time_RU', 'interest_over_time_SG', 'interest_over_time_US', 'interest_over_time_VE', 'interest_over_time_ZA', 'interest_over_time_CN', 'low', 'num_retweets', 'num_tweets', 'open', 'tweet_exposure', 'volume_from', 'volume_to']"
99.36266403670722,"['Litecoin', 'Ethereum Classic']",Bitcoin,"['crypto_data_week_9.csv', 'crypto_data_week_10.csv', 'crypto_data_week_11.csv', 'crypto_data_week_13.csv', 'crypto_data_week_14.csv']",0.01627770673252566,0.0005754774670669558,Extra Tree Regressor,1.0,0.9936266403670722,"['high', 'interest_over_time_AU', 'interest_over_time_BR', 'interest_over_time_CA', 'interest_over_time_DE', 'interest_over_time_FR', 'interest_over_time_GB', 'interest_over_time_GH', 'interest_over_time_IN', 'interest_over_time_JP', 'interest_over_time_KE', 'interest_over_time_KR', 'interest_over_time_NG', 'interest_over_time_RU', 'interest_over_time_SG', 'interest_over_time_US', 'interest_over_time_VE', 'interest_over_time_ZA', 'interest_over_time_CN', 'low', 'num_retweets', 'num_tweets', 'open', 'tweet_exposure', 'volume_from', 'volume_to']"
99.35625865183829,"['Litecoin', 'Ethereum Classic']",Bitcoin,"['crypto_data_week_9.csv', 'crypto_data_week_10.csv', 'crypto_data_week_11.csv', 'crypto_data_week_13.csv', 'crypto_data_week_14.csv']",0.016362109865861733,0.0005812611586711764,Extra Tree Regressor,1.0,0.9935625865183828,"['high', 'interest_over_time_AU', 'interest_over_time_BR', 'interest_over_time_CA', 'interest_over_time_DE', 'interest_over_time_FR', 'interest_over_time_GB', 'interest_over_time_GH', 'interest_over_time_IN', 'interest_over_time_JP', 'interest_over_time_KE', 'interest_over_time_KR', 'interest_over_time_NG', 'interest_over_time_RU', 'interest_over_time_SG', 'interest_over_time_US', 'interest_over_time_VE', 'interest_over_time_ZA', 'interest_over_time_CN', 'low', 'num_retweets', 'num_tweets', 'open', 'tweet_exposure', 'volume_from', 'volume_to']"
99.35923747132584,"['Litecoin', 'Ethereum Classic']",Bitcoin,"['crypto_data_week_9.csv', 'crypto_data_week_10.csv', 'crypto_data_week_11.csv', 'crypto_data_week_13.csv', 'crypto_data_week_14.csv']",0.01637742622894254,0.0005785714571757603,Extra Tree Regressor,1.0,0.9935923747132585,"['high', 'interest_over_time_AU', 'interest_over_time_BR', 'interest_over_time_CA', 'interest_over_time_DE', 'interest_over_time_FR', 'interest_over_time_GB', 'interest_over_time_GH', 'interest_over_time_IN', 'interest_over_time_JP', 'interest_over_time_KE', 'interest_over_time_KR', 'interest_over_time_NG', 'interest_over_time_RU', 'interest_over_time_SG', 'interest_over_time_US', 'interest_over_time_VE', 'interest_over_time_ZA', 'interest_over_time_CN', 'low', 'num_retweets', 'num_tweets', 'open', 'tweet_exposure', 'volume_from', 'volume_to']"
99.09768255713199,[],Bitcoin,"['crypto_data_week_9.csv', 'crypto_data_week_10.csv', 'crypto_data_week_11.csv', 'crypto_data_week_13.csv', 'crypto_data_week_14.csv']",0.019774632737487315,0.0008147403981869394,Extra Tree Regressor,1.0,0.9909768255713198,"['high', 'interest_over_time_AU', 'interest_over_time_BR', 'interest_over_time_CA', 'interest_over_time_DE', 'interest_over_time_FR', 'interest_over_time_GB', 'interest_over_time_GH', 'interest_over_time_IN', 'interest_over_time_JP', 'interest_over_time_KE', 'interest_over_time_KR', 'interest_over_time_NG', 'interest_over_time_RU', 'interest_over_time_SG', 'interest_over_time_US', 'interest_over_time_VE', 'interest_over_time_ZA', 'interest_over_time_CN', 'low', 'num_retweets', 'num_tweets', 'open', 'tweet_exposure', 'volume_from', 'volume_to']"
99.10191952555391,[],Bitcoin,"['crypto_data_week_9.csv', 'crypto_data_week_10.csv', 'crypto_data_week_11.csv', 'crypto_data_week_13.csv', 'crypto_data_week_14.csv']",0.01976754040421101,0.0008109146610625293,Extra Tree Regressor,1.0,0.9910191952555392,"['high', 'interest_over_time_AU', 'interest_over_time_BR', 'interest_over_time_CA', 'interest_over_time_DE', 'interest_over_time_FR', 'interest_over_time_GB', 'interest_over_time_GH', 'interest_over_time_IN', 'interest_over_time_JP', 'interest_over_time_KE', 'interest_over_time_KR', 'interest_over_time_NG', 'interest_over_time_RU', 'interest_over_time_SG', 'interest_over_time_US', 'interest_over_time_VE', 'interest_over_time_ZA', 'interest_over_time_CN', 'low', 'num_retweets', 'num_tweets', 'open', 'tweet_exposure', 'volume_from', 'volume_to']"
99.09854465020344,[],Bitcoin,"['crypto_data_week_9.csv', 'crypto_data_week_10.csv', 'crypto_data_week_11.csv', 'crypto_data_week_13.csv', 'crypto_data_week_14.csv']",0.01975922861341003,0.0008139619780667543,Extra Tree Regressor,1.0,0.9909854465020346,"['high', 'interest_over_time_AU', 'interest_over_time_BR', 'interest_over_time_CA', 'interest_over_time_DE', 'interest_over_time_FR', 'interest_over_time_GB', 'interest_over_time_GH', 'interest_over_time_IN', 'interest_over_time_JP', 'interest_over_time_KE', 'interest_over_time_KR', 'interest_over_time_NG', 'interest_over_time_RU', 'interest_over_time_SG', 'interest_over_time_US', 'interest_over_time_VE', 'interest_over_time_ZA', 'interest_over_time_CN', 'low', 'num_retweets', 'num_tweets', 'open', 'tweet_exposure', 'volume_from', 'volume_to']"
99.10300390674887,[],Bitcoin,"['crypto_data_week_9.csv', 'crypto_data_week_10.csv', 'crypto_data_week_11.csv', 'crypto_data_week_13.csv', 'crypto_data_week_14.csv']",0.019752922070845187,0.0008099355276394249,Extra Tree Regressor,1.0,0.9910300390674888,"['high', 'interest_over_time_AU', 'interest_over_time_BR', 'interest_over_time_CA', 'interest_over_time_DE', 'interest_over_time_FR', 'interest_over_time_GB', 'interest_over_time_GH', 'interest_over_time_IN', 'interest_over_time_JP', 'interest_over_time_KE', 'interest_over_time_KR', 'interest_over_time_NG', 'interest_over_time_RU', 'interest_over_time_SG', 'interest_over_time_US', 'interest_over_time_VE', 'interest_over_time_ZA', 'interest_over_time_CN', 'low', 'num_retweets', 'num_tweets', 'open', 'tweet_exposure', 'volume_from', 'volume_to']"
99.09926846822461,[],Bitcoin,"['crypto_data_week_9.csv', 'crypto_data_week_10.csv', 'crypto_data_week_11.csv', 'crypto_data_week_13.csv', 'crypto_data_week_14.csv']",0.019770523629380657,0.0008133084123095669,Extra Tree Regressor,1.0,0.990992684682246,"['high', 'interest_over_time_AU', 'interest_over_time_BR', 'interest_over_time_CA', 'interest_over_time_DE', 'interest_over_time_FR', 'interest_over_time_GB', 'interest_over_time_GH', 'interest_over_time_IN', 'interest_over_time_JP', 'interest_over_time_KE', 'interest_over_time_KR', 'interest_over_time_NG', 'interest_over_time_RU', 'interest_over_time_SG', 'interest_over_time_US', 'interest_over_time_VE', 'interest_over_time_ZA', 'interest_over_time_CN', 'low', 'num_retweets', 'num_tweets', 'open', 'tweet_exposure', 'volume_from', 'volume_to']"
99.10270115022594,[],Bitcoin,"['crypto_data_week_9.csv', 'crypto_data_week_10.csv', 'crypto_data_week_11.csv', 'crypto_data_week_13.csv', 'crypto_data_week_14.csv']",0.019789261579963947,0.0008102088992471586,Extra Tree Regressor,1.0,0.9910270115022594,"['high', 'interest_over_time_AU', 'interest_over_time_BR', 'interest_over_time_CA', 'interest_over_time_DE', 'interest_over_time_FR', 'interest_over_time_GB', 'interest_over_time_GH', 'interest_over_time_IN', 'interest_over_time_JP', 'interest_over_time_KE', 'interest_over_time_KR', 'interest_over_time_NG', 'interest_over_time_RU', 'interest_over_time_SG', 'interest_over_time_US', 'interest_over_time_VE', 'interest_over_time_ZA', 'interest_over_time_CN', 'low', 'num_retweets', 'num_tweets', 'open', 'tweet_exposure', 'volume_from', 'volume_to']"
99.28141653295592,[],Bitcoin,"['crypto_data_week_9.csv', 'crypto_data_week_10.csv', 'crypto_data_week_11.csv', 'crypto_data_week_13.csv', 'crypto_data_week_14.csv']",0.01774511885766131,0.0006488392579546957,Random Forest Regressor,1.0,0.9928141653295592,"['high', 'interest_over_time_AU', 'interest_over_time_BR', 'interest_over_time_CA', 'interest_over_time_DE', 'interest_over_time_FR', 'interest_over_time_GB', 'interest_over_time_GH', 'interest_over_time_IN', 'interest_over_time_JP', 'interest_over_time_KE', 'interest_over_time_KR', 'interest_over_time_NG', 'interest_over_time_RU', 'interest_over_time_SG', 'interest_over_time_US', 'interest_over_time_VE', 'interest_over_time_ZA', 'interest_over_time_CN', 'low', 'num_retweets', 'num_tweets', 'open', 'tweet_exposure', 'volume_from', 'volume_to']"
99.51173215089094,[],Bitcoin,"['crypto_data_week_9.csv', 'crypto_data_week_10.csv', 'crypto_data_week_11.csv', 'crypto_data_week_13.csv', 'crypto_data_week_14.csv']",0.013727193124730409,0.0004408775924142042,Extra Tree Regressor,1.0,0.9951173215089094,[]
99.28141653295592,[],Bitcoin,"['crypto_data_week_9.csv', 'crypto_data_week_10.csv', 'crypto_data_week_11.csv', 'crypto_data_week_13.csv', 'crypto_data_week_14.csv']",0.01774511885766131,0.0006488392579546957,Random Forest Regressor,1.0,0.9928141653295592,"['high', 'interest_over_time_AU', 'interest_over_time_BR', 'interest_over_time_CA', 'interest_over_time_DE', 'interest_over_time_FR', 'interest_over_time_GB', 'interest_over_time_GH', 'interest_over_time_IN', 'interest_over_time_JP', 'interest_over_time_KE', 'interest_over_time_KR', 'interest_over_time_NG', 'interest_over_time_RU', 'interest_over_time_SG', 'interest_over_time_US', 'interest_over_time_VE', 'interest_over_time_ZA', 'interest_over_time_CN', 'low', 'num_retweets', 'num_tweets', 'open', 'tweet_exposure', 'volume_from', 'volume_to']"
99.28035994798344,[],Bitcoin,"['crypto_data_week_9.csv', 'crypto_data_week_10.csv', 'crypto_data_week_11.csv', 'crypto_data_week_13.csv', 'crypto_data_week_14.csv']",0.01773191231441095,0.0006497932929985557,Bagging Regressor,1.0,0.9928035994798344,"['high', 'interest_over_time_AU', 'interest_over_time_BR', 'interest_over_time_CA', 'interest_over_time_DE', 'interest_over_time_FR', 'interest_over_time_GB', 'interest_over_time_GH', 'interest_over_time_IN', 'interest_over_time_JP', 'interest_over_time_KE', 'interest_over_time_KR', 'interest_over_time_NG', 'interest_over_time_RU', 'interest_over_time_SG', 'interest_over_time_US', 'interest_over_time_VE', 'interest_over_time_ZA', 'interest_over_time_CN', 'low', 'num_retweets', 'num_tweets', 'open', 'tweet_exposure', 'volume_from', 'volume_to']"
99.28141653295592,[],Bitcoin,"['crypto_data_week_9.csv', 'crypto_data_week_10.csv', 'crypto_data_week_11.csv', 'crypto_data_week_13.csv', 'crypto_data_week_14.csv']",0.01774511885766131,0.0006488392579546957,Random Forest Regressor,1.0,0.9928141653295592,"['high', 'interest_over_time_AU', 'interest_over_time_BR', 'interest_over_time_CA', 'interest_over_time_DE', 'interest_over_time_FR', 'interest_over_time_GB', 'interest_over_time_GH', 'interest_over_time_IN', 'interest_over_time_JP', 'interest_over_time_KE', 'interest_over_time_KR', 'interest_over_time_NG', 'interest_over_time_RU', 'interest_over_time_SG', 'interest_over_time_US', 'interest_over_time_VE', 'interest_over_time_ZA', 'interest_over_time_CN', 'low', 'num_retweets', 'num_tweets', 'open', 'tweet_exposure', 'volume_from', 'volume_to']"
99.28141653295592,[],Bitcoin,"['crypto_data_week_9.csv', 'crypto_data_week_10.csv', 'crypto_data_week_11.csv', 'crypto_data_week_13.csv', 'crypto_data_week_14.csv']",0.01774511885766131,0.0006488392579546957,Random Forest Regressor,1.0,0.9928141653295592,"['high', 'interest_over_time_AU', 'interest_over_time_BR', 'interest_over_time_CA', 'interest_over_time_DE', 'interest_over_time_FR', 'interest_over_time_GB', 'interest_over_time_GH', 'interest_over_time_IN', 'interest_over_time_JP', 'interest_over_time_KE', 'interest_over_time_KR', 'interest_over_time_NG', 'interest_over_time_RU', 'interest_over_time_SG', 'interest_over_time_US', 'interest_over_time_VE', 'interest_over_time_ZA', 'interest_over_time_CN', 'low', 'num_retweets', 'num_tweets', 'open', 'tweet_exposure', 'volume_from', 'volume_to']"
99.28141653295592,[],Bitcoin,"['crypto_data_week_9.csv', 'crypto_data_week_10.csv', 'crypto_data_week_11.csv', 'crypto_data_week_13.csv', 'crypto_data_week_14.csv']",0.01774511885766131,0.0006488392579546957,Random Forest Regressor,1.0,0.9928141653295592,"['high', 'interest_over_time_AU', 'interest_over_time_BR', 'interest_over_time_CA', 'interest_over_time_DE', 'interest_over_time_FR', 'interest_over_time_GB', 'interest_over_time_GH', 'interest_over_time_IN', 'interest_over_time_JP', 'interest_over_time_KE', 'interest_over_time_KR', 'interest_over_time_NG', 'interest_over_time_RU', 'interest_over_time_SG', 'interest_over_time_US', 'interest_over_time_VE', 'interest_over_time_ZA', 'interest_over_time_CN', 'low', 'num_retweets', 'num_tweets', 'open', 'tweet_exposure', 'volume_from', 'volume_to']"
99.51081647823679,[],Bitcoin,"['crypto_data_week_9.csv', 'crypto_data_week_10.csv', 'crypto_data_week_11.csv', 'crypto_data_week_13.csv', 'crypto_data_week_14.csv']",0.013901933343633141,0.0004417043917947898,Extra Tree Regressor,1.0,0.995108164782368,[]
99.54358162836373,"['NEO', 'EOS', 'Dash', 'ICON']",Bitcoin,"['crypto_data_week_9.csv', 'crypto_data_week_10.csv', 'crypto_data_week_11.csv', 'crypto_data_week_13.csv', 'crypto_data_week_14.csv']",0.013863024681665392,0.0004121193586425813,Extra Tree Regressor,1.0,0.9954358162836372,[]
98.78657312463129,[],Bitcoin,"['crypto_data_week_9.csv', 'crypto_data_week_10.csv', 'crypto_data_week_11.csv', 'crypto_data_week_13.csv', 'crypto_data_week_14.csv']",0.020572988569599,0.0010335673947650622,Extra Tree Regressor,24.0,0.9878657312463126,[]
98.83451439532274,[],Bitcoin,"['crypto_data_week_9.csv', 'crypto_data_week_10.csv', 'crypto_data_week_11.csv', 'crypto_data_week_13.csv', 'crypto_data_week_14.csv']",0.020333255968039657,0.0009927321905544614,Extra Tree Regressor,24.0,0.9883451439532274,[]
98.8245640356855,[],Bitcoin,"['crypto_data_week_9.csv', 'crypto_data_week_10.csv', 'crypto_data_week_11.csv', 'crypto_data_week_13.csv', 'crypto_data_week_14.csv']",0.0204170709859827,0.001001207664022199,Extra Tree Regressor,24.0,0.9882456403568548,[]
98.80974724799307,[],Bitcoin,"['crypto_data_week_9.csv', 'crypto_data_week_10.csv', 'crypto_data_week_11.csv', 'crypto_data_week_13.csv', 'crypto_data_week_14.csv']",0.020408146197783725,0.001013828242126141,Extra Tree Regressor,24.0,0.9880974724799312,[]
99.21602193572286,"['NEO', 'EOS', 'Dash', 'ICON']",Bitcoin,"['crypto_data_week_9.csv', 'crypto_data_week_10.csv', 'crypto_data_week_11.csv', 'crypto_data_week_13.csv', 'crypto_data_week_14.csv']",0.017074188100076052,0.000667773379587987,Extra Tree Regressor,24.0,0.9921602193572286,[]
99.21513148735106,"['NEO', 'EOS', 'Dash', 'ICON']",Bitcoin,"['crypto_data_week_9.csv', 'crypto_data_week_10.csv', 'crypto_data_week_11.csv', 'crypto_data_week_13.csv', 'crypto_data_week_14.csv']",0.01694841156384871,0.0006685318417767776,Extra Tree Regressor,24.0,0.9921513148735104,[]
99.2468154933436,"['NEO', 'EOS', 'Dash', 'ICON']",Bitcoin,"['crypto_data_week_9.csv', 'crypto_data_week_10.csv', 'crypto_data_week_11.csv', 'crypto_data_week_13.csv', 'crypto_data_week_14.csv']",0.016609195298372945,0.000641544178824718,Extra Tree Regressor,24.0,0.9924681549334359,[]
99.21350211597144,"['NEO', 'EOS', 'Dash', 'ICON']",Bitcoin,"['crypto_data_week_9.csv', 'crypto_data_week_10.csv', 'crypto_data_week_11.csv', 'crypto_data_week_13.csv', 'crypto_data_week_14.csv']",0.016950821604447597,0.0006699197005477492,Extra Tree Regressor,24.0,0.9921350211597144,[]
99.22349099176064,"['NEO', 'EOS', 'Dash', 'ICON']",Bitcoin,"['crypto_data_week_9.csv', 'crypto_data_week_10.csv', 'crypto_data_week_11.csv', 'crypto_data_week_13.csv', 'crypto_data_week_14.csv']",0.01688271347047449,0.000661411419961892,Extra Tree Regressor,24.0,0.9922349099176064,[]
99.19706387818859,"['NEO', 'EOS', 'Dash', 'ICON']",Bitcoin,"['crypto_data_week_9.csv', 'crypto_data_week_10.csv', 'crypto_data_week_11.csv', 'crypto_data_week_13.csv', 'crypto_data_week_14.csv']",0.017008177195500147,0.0006839213902619307,Extra Tree Regressor,24.0,0.991970638781886,[]
99.24058842411029,"['NEO', 'EOS', 'Dash', 'ICON']",Bitcoin,"['crypto_data_week_9.csv', 'crypto_data_week_10.csv', 'crypto_data_week_11.csv', 'crypto_data_week_13.csv', 'crypto_data_week_14.csv']",0.01682055029026713,0.0006468482444055508,Extra Tree Regressor,24.0,0.9924058842411028,[]
99.22536027798513,"['NEO', 'EOS', 'Dash', 'ICON']",Bitcoin,"['crypto_data_week_9.csv', 'crypto_data_week_10.csv', 'crypto_data_week_11.csv', 'crypto_data_week_13.csv', 'crypto_data_week_14.csv']",0.016889069555407754,0.0006598192075819442,Extra Tree Regressor,24.0,0.9922536027798512,[]
99.20962917218306,"['NEO', 'EOS', 'Dash', 'ICON']",Bitcoin,"['crypto_data_week_9.csv', 'crypto_data_week_10.csv', 'crypto_data_week_11.csv', 'crypto_data_week_13.csv', 'crypto_data_week_14.csv']",0.017071241229594466,0.0006732185795347785,Extra Tree Regressor,24.0,0.9920962917218306,[]
99.24392386899244,"['NEO', 'EOS', 'Dash', 'ICON']",Bitcoin,"['crypto_data_week_9.csv', 'crypto_data_week_10.csv', 'crypto_data_week_11.csv', 'crypto_data_week_13.csv', 'crypto_data_week_14.csv']",0.016755813436089215,0.0006440071938674032,Extra Tree Regressor,24.0,0.9924392386899246,[]
99.22143947872215,"['NEO', 'EOS', 'Dash', 'ICON']",Bitcoin,"['crypto_data_week_9.csv', 'crypto_data_week_10.csv', 'crypto_data_week_11.csv', 'crypto_data_week_13.csv', 'crypto_data_week_14.csv']",0.016889398114471994,0.0006631588486941554,Extra Tree Regressor,24.0,0.9922143947872216,[]
99.19704491642729,"['NEO', 'EOS', 'Dash', 'ICON']",Bitcoin,"['crypto_data_week_9.csv', 'crypto_data_week_10.csv', 'crypto_data_week_11.csv', 'crypto_data_week_13.csv', 'crypto_data_week_14.csv']",0.01715508793402261,0.0006839375414273927,Extra Tree Regressor,24.0,0.9919704491642728,[]
89.24731869429769,[],Bitcoin,"['crypto_data_week_9.csv', 'crypto_data_week_10.csv', 'crypto_data_week_11.csv', 'crypto_data_week_13.csv', 'crypto_data_week_14.csv']",0.06765011099416852,0.009158871481642851,Extra Tree Regressor,24.0,0.8924731869429767,"['high', 'interest_over_time_AU', 'interest_over_time_BR', 'interest_over_time_CA', 'interest_over_time_DE', 'interest_over_time_FR', 'interest_over_time_GB', 'interest_over_time_GH', 'interest_over_time_IN', 'interest_over_time_JP', 'interest_over_time_KE', 'interest_over_time_KR', 'interest_over_time_NG', 'interest_over_time_RU', 'interest_over_time_SG', 'interest_over_time_US', 'interest_over_time_VE', 'interest_over_time_ZA', 'interest_over_time_CN', 'low', 'num_retweets', 'num_tweets', 'open', 'tweet_exposure', 'volume_from', 'volume_to']"
89.26349153287777,[],Bitcoin,"['crypto_data_week_9.csv', 'crypto_data_week_10.csv', 'crypto_data_week_11.csv', 'crypto_data_week_13.csv', 'crypto_data_week_14.csv']",0.06760030650048547,0.009145095852491649,Extra Tree Regressor,24.0,0.8926349153287776,"['high', 'interest_over_time_AU', 'interest_over_time_BR', 'interest_over_time_CA', 'interest_over_time_DE', 'interest_over_time_FR', 'interest_over_time_GB', 'interest_over_time_GH', 'interest_over_time_IN', 'interest_over_time_JP', 'interest_over_time_KE', 'interest_over_time_KR', 'interest_over_time_NG', 'interest_over_time_RU', 'interest_over_time_SG', 'interest_over_time_US', 'interest_over_time_VE', 'interest_over_time_ZA', 'interest_over_time_CN', 'low', 'num_retweets', 'num_tweets', 'open', 'tweet_exposure', 'volume_from', 'volume_to']"
89.19913939153679,[],Bitcoin,"['crypto_data_week_9.csv', 'crypto_data_week_10.csv', 'crypto_data_week_11.csv', 'crypto_data_week_13.csv', 'crypto_data_week_14.csv']",0.06771038437653126,0.009199909435760208,Extra Tree Regressor,24.0,0.8919913939153679,"['high', 'interest_over_time_AU', 'interest_over_time_BR', 'interest_over_time_CA', 'interest_over_time_DE', 'interest_over_time_FR', 'interest_over_time_GB', 'interest_over_time_GH', 'interest_over_time_IN', 'interest_over_time_JP', 'interest_over_time_KE', 'interest_over_time_KR', 'interest_over_time_NG', 'interest_over_time_RU', 'interest_over_time_SG', 'interest_over_time_US', 'interest_over_time_VE', 'interest_over_time_ZA', 'interest_over_time_CN', 'low', 'num_retweets', 'num_tweets', 'open', 'tweet_exposure', 'volume_from', 'volume_to']"
89.22666978149697,[],Bitcoin,"['crypto_data_week_9.csv', 'crypto_data_week_10.csv', 'crypto_data_week_11.csv', 'crypto_data_week_13.csv', 'crypto_data_week_14.csv']",0.06761236594048513,0.009176459721561852,Extra Tree Regressor,24.0,0.8922666978149697,"['high', 'interest_over_time_AU', 'interest_over_time_BR', 'interest_over_time_CA', 'interest_over_time_DE', 'interest_over_time_FR', 'interest_over_time_GB', 'interest_over_time_GH', 'interest_over_time_IN', 'interest_over_time_JP', 'interest_over_time_KE', 'interest_over_time_KR', 'interest_over_time_NG', 'interest_over_time_RU', 'interest_over_time_SG', 'interest_over_time_US', 'interest_over_time_VE', 'interest_over_time_ZA', 'interest_over_time_CN', 'low', 'num_retweets', 'num_tweets', 'open', 'tweet_exposure', 'volume_from', 'volume_to']"
89.1882886725643,[],Bitcoin,"['crypto_data_week_9.csv', 'crypto_data_week_10.csv', 'crypto_data_week_11.csv', 'crypto_data_week_13.csv', 'crypto_data_week_14.csv']",0.06787939144545536,0.009209151813333498,Extra Tree Regressor,24.0,0.891882886725643,"['high', 'interest_over_time_AU', 'interest_over_time_BR', 'interest_over_time_CA', 'interest_over_time_DE', 'interest_over_time_FR', 'interest_over_time_GB', 'interest_over_time_GH', 'interest_over_time_IN', 'interest_over_time_JP', 'interest_over_time_KE', 'interest_over_time_KR', 'interest_over_time_NG', 'interest_over_time_RU', 'interest_over_time_SG', 'interest_over_time_US', 'interest_over_time_VE', 'interest_over_time_ZA', 'interest_over_time_CN', 'low', 'num_retweets', 'num_tweets', 'open', 'tweet_exposure', 'volume_from', 'volume_to']"
89.20014937741463,[],Bitcoin,"['crypto_data_week_9.csv', 'crypto_data_week_10.csv', 'crypto_data_week_11.csv', 'crypto_data_week_13.csv', 'crypto_data_week_14.csv']",0.06776389840538832,0.0091990491544415,Extra Tree Regressor,24.0,0.8920014937741463,"['high', 'interest_over_time_AU', 'interest_over_time_BR', 'interest_over_time_CA', 'interest_over_time_DE', 'interest_over_time_FR', 'interest_over_time_GB', 'interest_over_time_GH', 'interest_over_time_IN', 'interest_over_time_JP', 'interest_over_time_KE', 'interest_over_time_KR', 'interest_over_time_NG', 'interest_over_time_RU', 'interest_over_time_SG', 'interest_over_time_US', 'interest_over_time_VE', 'interest_over_time_ZA', 'interest_over_time_CN', 'low', 'num_retweets', 'num_tweets', 'open', 'tweet_exposure', 'volume_from', 'volume_to']"
89.19833519514505,[],Bitcoin,"['crypto_data_week_9.csv', 'crypto_data_week_10.csv', 'crypto_data_week_11.csv', 'crypto_data_week_13.csv', 'crypto_data_week_14.csv']",0.06772362115356867,0.00920059443061765,Extra Tree Regressor,24.0,0.8919833519514504,"['high', 'interest_over_time_AU', 'interest_over_time_BR', 'interest_over_time_CA', 'interest_over_time_DE', 'interest_over_time_FR', 'interest_over_time_GB', 'interest_over_time_GH', 'interest_over_time_IN', 'interest_over_time_JP', 'interest_over_time_KE', 'interest_over_time_KR', 'interest_over_time_NG', 'interest_over_time_RU', 'interest_over_time_SG', 'interest_over_time_US', 'interest_over_time_VE', 'interest_over_time_ZA', 'interest_over_time_CN', 'low', 'num_retweets', 'num_tweets', 'open', 'tweet_exposure', 'volume_from', 'volume_to']"
89.23615242330172,[],Bitcoin,"['crypto_data_week_9.csv', 'crypto_data_week_10.csv', 'crypto_data_week_11.csv', 'crypto_data_week_13.csv', 'crypto_data_week_14.csv']",0.06783789995157617,0.009168382638727641,Extra Tree Regressor,24.0,0.8923615242330171,"['high', 'interest_over_time_AU', 'interest_over_time_BR', 'interest_over_time_CA', 'interest_over_time_DE', 'interest_over_time_FR', 'interest_over_time_GB', 'interest_over_time_GH', 'interest_over_time_IN', 'interest_over_time_JP', 'interest_over_time_KE', 'interest_over_time_KR', 'interest_over_time_NG', 'interest_over_time_RU', 'interest_over_time_SG', 'interest_over_time_US', 'interest_over_time_VE', 'interest_over_time_ZA', 'interest_over_time_CN', 'low', 'num_retweets', 'num_tweets', 'open', 'tweet_exposure', 'volume_from', 'volume_to']"
89.25912993574255,[],Bitcoin,"['crypto_data_week_9.csv', 'crypto_data_week_10.csv', 'crypto_data_week_11.csv', 'crypto_data_week_13.csv', 'crypto_data_week_14.csv']",0.06754765853761689,0.009148810954472307,Extra Tree Regressor,24.0,0.8925912993574254,"['high', 'interest_over_time_AU', 'interest_over_time_BR', 'interest_over_time_CA', 'interest_over_time_DE', 'interest_over_time_FR', 'interest_over_time_GB', 'interest_over_time_GH', 'interest_over_time_IN', 'interest_over_time_JP', 'interest_over_time_KE', 'interest_over_time_KR', 'interest_over_time_NG', 'interest_over_time_RU', 'interest_over_time_SG', 'interest_over_time_US', 'interest_over_time_VE', 'interest_over_time_ZA', 'interest_over_time_CN', 'low', 'num_retweets', 'num_tweets', 'open', 'tweet_exposure', 'volume_from', 'volume_to']"
89.19405184697494,[],Bitcoin,"['crypto_data_week_9.csv', 'crypto_data_week_10.csv', 'crypto_data_week_11.csv', 'crypto_data_week_13.csv', 'crypto_data_week_14.csv']",0.0676603986647672,0.009204242882039727,Extra Tree Regressor,24.0,0.8919405184697495,"['high', 'interest_over_time_AU', 'interest_over_time_BR', 'interest_over_time_CA', 'interest_over_time_DE', 'interest_over_time_FR', 'interest_over_time_GB', 'interest_over_time_GH', 'interest_over_time_IN', 'interest_over_time_JP', 'interest_over_time_KE', 'interest_over_time_KR', 'interest_over_time_NG', 'interest_over_time_RU', 'interest_over_time_SG', 'interest_over_time_US', 'interest_over_time_VE', 'interest_over_time_ZA', 'interest_over_time_CN', 'low', 'num_retweets', 'num_tweets', 'open', 'tweet_exposure', 'volume_from', 'volume_to']"
89.1729070335116,[],Bitcoin,"['crypto_data_week_9.csv', 'crypto_data_week_10.csv', 'crypto_data_week_11.csv', 'crypto_data_week_13.csv', 'crypto_data_week_14.csv']",0.06802927786664488,0.0092222535180391,Extra Tree Regressor,24.0,0.891729070335116,"['high', 'interest_over_time_AU', 'interest_over_time_BR', 'interest_over_time_CA', 'interest_over_time_DE', 'interest_over_time_FR', 'interest_over_time_GB', 'interest_over_time_GH', 'interest_over_time_IN', 'interest_over_time_JP', 'interest_over_time_KE', 'interest_over_time_KR', 'interest_over_time_NG', 'interest_over_time_RU', 'interest_over_time_SG', 'interest_over_time_US', 'interest_over_time_VE', 'interest_over_time_ZA', 'interest_over_time_CN', 'low', 'num_retweets', 'num_tweets', 'open', 'tweet_exposure', 'volume_from', 'volume_to']"
99.09656020733331,[],Bitcoin,"['crypto_data_week_9.csv', 'crypto_data_week_10.csv', 'crypto_data_week_11.csv', 'crypto_data_week_13.csv', 'crypto_data_week_14.csv']",0.0198300985076879,0.0008157538150604548,Extra Tree Regressor,1.0,0.9909656020733332,"['high', 'interest_over_time_AU', 'interest_over_time_BR', 'interest_over_time_CA', 'interest_over_time_DE', 'interest_over_time_FR', 'interest_over_time_GB', 'interest_over_time_GH', 'interest_over_time_IN', 'interest_over_time_JP', 'interest_over_time_KE', 'interest_over_time_KR', 'interest_over_time_NG', 'interest_over_time_RU', 'interest_over_time_SG', 'interest_over_time_US', 'interest_over_time_VE', 'interest_over_time_ZA', 'interest_over_time_CN', 'low', 'num_retweets', 'num_tweets', 'open', 'tweet_exposure', 'volume_from', 'volume_to']"
99.09853516146416,[],Bitcoin,"['crypto_data_week_9.csv', 'crypto_data_week_10.csv', 'crypto_data_week_11.csv', 'crypto_data_week_13.csv', 'crypto_data_week_14.csv']",0.019784827364845242,0.0008139705458488375,Extra Tree Regressor,1.0,0.9909853516146416,"['high', 'interest_over_time_AU', 'interest_over_time_BR', 'interest_over_time_CA', 'interest_over_time_DE', 'interest_over_time_FR', 'interest_over_time_GB', 'interest_over_time_GH', 'interest_over_time_IN', 'interest_over_time_JP', 'interest_over_time_KE', 'interest_over_time_KR', 'interest_over_time_NG', 'interest_over_time_RU', 'interest_over_time_SG', 'interest_over_time_US', 'interest_over_time_VE', 'interest_over_time_ZA', 'interest_over_time_CN', 'low', 'num_retweets', 'num_tweets', 'open', 'tweet_exposure', 'volume_from', 'volume_to']"
99.10114991687956,[],Bitcoin,"['crypto_data_week_9.csv', 'crypto_data_week_10.csv', 'crypto_data_week_11.csv', 'crypto_data_week_13.csv', 'crypto_data_week_14.csv']",0.01985871121027676,0.0008116095731278407,Extra Tree Regressor,1.0,0.9910114991687956,"['high', 'interest_over_time_AU', 'interest_over_time_BR', 'interest_over_time_CA', 'interest_over_time_DE', 'interest_over_time_FR', 'interest_over_time_GB', 'interest_over_time_GH', 'interest_over_time_IN', 'interest_over_time_JP', 'interest_over_time_KE', 'interest_over_time_KR', 'interest_over_time_NG', 'interest_over_time_RU', 'interest_over_time_SG', 'interest_over_time_US', 'interest_over_time_VE', 'interest_over_time_ZA', 'interest_over_time_CN', 'low', 'num_retweets', 'num_tweets', 'open', 'tweet_exposure', 'volume_from', 'volume_to']"
99.09682204344598,[],Bitcoin,"['crypto_data_week_9.csv', 'crypto_data_week_10.csv', 'crypto_data_week_11.csv', 'crypto_data_week_13.csv', 'crypto_data_week_14.csv']",0.019829190064892692,0.0008155173922135215,Extra Tree Regressor,1.0,0.9909682204344598,"['high', 'interest_over_time_AU', 'interest_over_time_BR', 'interest_over_time_CA', 'interest_over_time_DE', 'interest_over_time_FR', 'interest_over_time_GB', 'interest_over_time_GH', 'interest_over_time_IN', 'interest_over_time_JP', 'interest_over_time_KE', 'interest_over_time_KR', 'interest_over_time_NG', 'interest_over_time_RU', 'interest_over_time_SG', 'interest_over_time_US', 'interest_over_time_VE', 'interest_over_time_ZA', 'interest_over_time_CN', 'low', 'num_retweets', 'num_tweets', 'open', 'tweet_exposure', 'volume_from', 'volume_to']"
99.11050392843941,[],Bitcoin,"['crypto_data_week_9.csv', 'crypto_data_week_10.csv', 'crypto_data_week_11.csv', 'crypto_data_week_13.csv', 'crypto_data_week_14.csv']",0.01971797553405739,0.0008031634423751285,Extra Tree Regressor,1.0,0.991105039284394,"['high', 'interest_over_time_AU', 'interest_over_time_BR', 'interest_over_time_CA', 'interest_over_time_DE', 'interest_over_time_FR', 'interest_over_time_GB', 'interest_over_time_GH', 'interest_over_time_IN', 'interest_over_time_JP', 'interest_over_time_KE', 'interest_over_time_KR', 'interest_over_time_NG', 'interest_over_time_RU', 'interest_over_time_SG', 'interest_over_time_US', 'interest_over_time_VE', 'interest_over_time_ZA', 'interest_over_time_CN', 'low', 'num_retweets', 'num_tweets', 'open', 'tweet_exposure', 'volume_from', 'volume_to']"
99.09716991400394,[],Bitcoin,"['crypto_data_week_9.csv', 'crypto_data_week_10.csv', 'crypto_data_week_11.csv', 'crypto_data_week_13.csv', 'crypto_data_week_14.csv']",0.0198424077558794,0.0008152032852446553,Extra Tree Regressor,1.0,0.9909716991400396,"['high', 'interest_over_time_AU', 'interest_over_time_BR', 'interest_over_time_CA', 'interest_over_time_DE', 'interest_over_time_FR', 'interest_over_time_GB', 'interest_over_time_GH', 'interest_over_time_IN', 'interest_over_time_JP', 'interest_over_time_KE', 'interest_over_time_KR', 'interest_over_time_NG', 'interest_over_time_RU', 'interest_over_time_SG', 'interest_over_time_US', 'interest_over_time_VE', 'interest_over_time_ZA', 'interest_over_time_CN', 'low', 'num_retweets', 'num_tweets', 'open', 'tweet_exposure', 'volume_from', 'volume_to']"
99.10112387695116,[],Bitcoin,"['crypto_data_week_9.csv', 'crypto_data_week_10.csv', 'crypto_data_week_11.csv', 'crypto_data_week_13.csv', 'crypto_data_week_14.csv']",0.01976122843537332,0.0008116330856752287,Extra Tree Regressor,1.0,0.9910112387695116,"['high', 'interest_over_time_AU', 'interest_over_time_BR', 'interest_over_time_CA', 'interest_over_time_DE', 'interest_over_time_FR', 'interest_over_time_GB', 'interest_over_time_GH', 'interest_over_time_IN', 'interest_over_time_JP', 'interest_over_time_KE', 'interest_over_time_KR', 'interest_over_time_NG', 'interest_over_time_RU', 'interest_over_time_SG', 'interest_over_time_US', 'interest_over_time_VE', 'interest_over_time_ZA', 'interest_over_time_CN', 'low', 'num_retweets', 'num_tweets', 'open', 'tweet_exposure', 'volume_from', 'volume_to']"
99.37689565998087,"['NEO', 'EOS', 'Dash', 'ICON']",Bitcoin,"['crypto_data_week_9.csv', 'crypto_data_week_10.csv', 'crypto_data_week_11.csv', 'crypto_data_week_13.csv', 'crypto_data_week_14.csv']",0.016180310030063073,0.0005626271353965719,Extra Tree Regressor,1.0,0.9937689565998088,"['high', 'interest_over_time_AU', 'interest_over_time_BR', 'interest_over_time_CA', 'interest_over_time_DE', 'interest_over_time_FR', 'interest_over_time_GB', 'interest_over_time_GH', 'interest_over_time_IN', 'interest_over_time_JP', 'interest_over_time_KE', 'interest_over_time_KR', 'interest_over_time_NG', 'interest_over_time_RU', 'interest_over_time_SG', 'interest_over_time_US', 'interest_over_time_VE', 'interest_over_time_ZA', 'interest_over_time_CN', 'low', 'num_retweets', 'num_tweets', 'open', 'tweet_exposure', 'volume_from', 'volume_to']"
99.37306211332468,"['NEO', 'EOS', 'Dash', 'ICON']",Bitcoin,"['crypto_data_week_9.csv', 'crypto_data_week_10.csv', 'crypto_data_week_11.csv', 'crypto_data_week_13.csv', 'crypto_data_week_14.csv']",0.01613099215072443,0.0005660886060284418,Extra Tree Regressor,1.0,0.9937306211332472,"['high', 'interest_over_time_AU', 'interest_over_time_BR', 'interest_over_time_CA', 'interest_over_time_DE', 'interest_over_time_FR', 'interest_over_time_GB', 'interest_over_time_GH', 'interest_over_time_IN', 'interest_over_time_JP', 'interest_over_time_KE', 'interest_over_time_KR', 'interest_over_time_NG', 'interest_over_time_RU', 'interest_over_time_SG', 'interest_over_time_US', 'interest_over_time_VE', 'interest_over_time_ZA', 'interest_over_time_CN', 'low', 'num_retweets', 'num_tweets', 'open', 'tweet_exposure', 'volume_from', 'volume_to']"
98.83116173404144,"['NEO', 'EOS', 'Dash', 'ICON']",Bitcoin,"['crypto_data_week_9.csv', 'crypto_data_week_10.csv', 'crypto_data_week_11.csv', 'crypto_data_week_13.csv', 'crypto_data_week_14.csv']",0.02294405327310461,0.0009955879056011436,Extra Tree Regressor,24.0,0.9883116173404144,"['high', 'interest_over_time_AU', 'interest_over_time_BR', 'interest_over_time_CA', 'interest_over_time_DE', 'interest_over_time_FR', 'interest_over_time_GB', 'interest_over_time_GH', 'interest_over_time_IN', 'interest_over_time_JP', 'interest_over_time_KE', 'interest_over_time_KR', 'interest_over_time_NG', 'interest_over_time_RU', 'interest_over_time_SG', 'interest_over_time_US', 'interest_over_time_VE', 'interest_over_time_ZA', 'interest_over_time_CN', 'low', 'num_retweets', 'num_tweets', 'open', 'tweet_exposure', 'volume_from', 'volume_to']"
89.19756003087022,[],Bitcoin,"['crypto_data_week_9.csv', 'crypto_data_week_10.csv', 'crypto_data_week_11.csv', 'crypto_data_week_13.csv', 'crypto_data_week_14.csv']",0.06769032307877942,0.00920125469662649,Extra Tree Regressor,24.0,0.8919756003087024,"['high', 'interest_over_time_AU', 'interest_over_time_BR', 'interest_over_time_CA', 'interest_over_time_DE', 'interest_over_time_FR', 'interest_over_time_GB', 'interest_over_time_GH', 'interest_over_time_IN', 'interest_over_time_JP', 'interest_over_time_KE', 'interest_over_time_KR', 'interest_over_time_NG', 'interest_over_time_RU', 'interest_over_time_SG', 'interest_over_time_US', 'interest_over_time_VE', 'interest_over_time_ZA', 'interest_over_time_CN', 'low', 'num_retweets', 'num_tweets', 'open', 'tweet_exposure', 'volume_from', 'volume_to']"
98.81978082640629,[],Bitcoin,"['crypto_data_week_9.csv', 'crypto_data_week_10.csv', 'crypto_data_week_11.csv', 'crypto_data_week_13.csv', 'crypto_data_week_14.csv']",0.020198048760630145,0.0010052818849363024,Extra Tree Regressor,24.0,0.9881978082640628,[]
98.86004959608499,[],Bitcoin,"['crypto_data_week_9.csv', 'crypto_data_week_10.csv', 'crypto_data_week_11.csv', 'crypto_data_week_13.csv', 'crypto_data_week_14.csv']",0.02013629397254264,0.0009709819298157273,Extra Tree Regressor,24.0,0.98860049596085,[]
98.79721749257419,[],Bitcoin,"['crypto_data_week_9.csv', 'crypto_data_week_10.csv', 'crypto_data_week_11.csv', 'crypto_data_week_13.csv', 'crypto_data_week_14.csv']",0.02037858172793569,0.001024500781962084,Extra Tree Regressor,24.0,0.987972174925742,[]
98.79554610136978,[],Bitcoin,"['crypto_data_week_9.csv', 'crypto_data_week_10.csv', 'crypto_data_week_11.csv', 'crypto_data_week_13.csv', 'crypto_data_week_14.csv']",0.02062100847817149,0.0010259244321942002,Extra Tree Regressor,24.0,0.9879554610136978,[]
99.51736315391179,[],Bitcoin,"['crypto_data_week_9.csv', 'crypto_data_week_10.csv', 'crypto_data_week_11.csv', 'crypto_data_week_13.csv', 'crypto_data_week_14.csv']",0.013714119331479318,0.00043579312277477284,Extra Tree Regressor,1.0,0.9951736315391179,[]
